id,title,description,link,image_link,availability,price,brand,condition,google_product_category,product_type,shipping,mpn
cadiveu-professional-brasil-cacau-1l,Cadiveu Professional Brasil Cacau Alisante 1L,"Tratamento alisante profissional com √≥leo de cacau que proporciona cabelos lisos, sedosos e com brilho intenso. Reduz o volume e elimina o frizz por at√© 4 meses.",https://jchairstudios62.xyz/produto/cadiveu-professional-brasil-cacau-1l,https://jchairstudios62.xyz/images/products/cadiveu/cadiveu-1.png,in stock,195.6 EUR,Cadiveu,new,Health & Beauty > Personal Care > Hair Care > Hair Treatments,progressivas-btx,PT::Standard:4.90 EUR,CAD-BC-1L-001
cadiveu-professional-brasil-cacau-300ml,Cadiveu Professional Brasil Cacau Alisante 300ml,Vers√£o trial do tratamento alisante profissional com √≥leo de cacau. Ideal para testar o produto ou cabelos mais curtos.,https://jchairstudios62.xyz/produto/cadiveu-professional-brasil-cacau-300ml,https://jchairstudios62.xyz/images/products/cadiveu/cadiveu-2.png,in stock,124.77 EUR,Cadiveu,new,Health & Beauty > Personal Care > Hair Care > Hair Treatments,progressivas-btx,PT::Standard:4.90 EUR,CAD-BC-300-001
forever-liss-btx-zero-formol-250g,Forever Liss BTX Zero Formol 250g,"Botox capilar zero formol que alisa, reconstr√≥i e hidrata profundamente os fios. Resultado natural com redu√ß√£o de volume e frizz.",https://jchairstudios62.xyz/produto/forever-liss-btx-zero-formol-250g,https://jchairstudios62.xyz/images/products/botox/botox_1.png,in stock,20.15 EUR,Forever Liss,new,Health & Beauty > Personal Care > Hair Care > Hair Treatments,progressivas-btx,PT::Standard:4.90 EUR,FL-BTX-250-001
forever-liss-btx-zero-formol-1kg,Forever Liss BTX Zero Formol 1Kg Profissional,"Botox capilar zero formol em tamanho profissional. Ideal para sal√µes e uso intensivo. Alisa, reconstr√≥i e hidrata profundamente os fios.",https://jchairstudios62.xyz/produto/forever-liss-btx-zero-formol-1kg,https://jchairstudios62.xyz/images/products/botox/botox_2.png,in stock,116.95 EUR,Forever Liss,new,Health & Beauty > Personal Care > Hair Care > Hair Treatments,progressivas-btx,PT::Standard:4.90 EUR,FL-BTX-1K-001
btx-professional-premium-01,BTX Professional Premium Reconstruction 01,"Botox capilar premium que reconstr√≥i, alisa e revitaliza os fios intensamente. F√≥rmula avan√ßada sem formol.",https://jchairstudios62.xyz/produto/btx-professional-premium-01,https://jchairstudios62.xyz/images/products/produtos_diversos/IMG-8737.png,in stock,31.24 EUR,BTX Pro,new,Health & Beauty > Personal Care > Hair Care > Hair Treatments,progressivas-btx,PT::Standard:4.90 EUR,BP-BTX-001
progressiva-advanced-02,Progressiva Advanced Smooth System 02,Sistema de alisamento avan√ßado que proporciona cabelos perfeitamente lisos com brilho intenso e prote√ß√£o.,https://jchairstudios62.xyz/produto/progressiva-advanced-02,https://jchairstudios62.xyz/images/products/produtos_diversos/IMG-8739.png,in stock,145.2 EUR,Smooth System,new,Health & Beauty > Personal Care > Hair Care > Hair Treatments,progressivas-btx,PT::Standard:4.90 EUR,SS-PRO-002
btx-repair-intensive-03,BTX Repair Intensive Treatment 03,Tratamento BTX intensivo especialmente desenvolvido para reparar cabelos extremamente danificados e ressecados.,https://jchairstudios62.xyz/produto/btx-repair-intensive-03,https://jchairstudios62.xyz/images/products/produtos_diversos/IMG-8740.png,in stock,37.66 EUR,Repair Intensive,new,Health & Beauty > Personal Care > Hair Care > Hair Treatments,progressivas-btx,PT::Standard:4.90 EUR,RI-BTX-003
progressiva-keratin-04,Progressiva Keratin Complex Professional 04,Progressiva enriquecida com complexo de queratina que proporciona m√°xima suavidade e controle de frizz.,https://jchairstudios62.xyz/produto/progressiva-keratin-04,https://jchairstudios62.xyz/images/products/produtos_diversos/IMG-8741.png,in stock,128.13 EUR,Keratin Complex,new,Health & Beauty > Personal Care > Hair Care > Hair Treatments,progressivas-btx,PT::Standard:4.90 EUR,KC-PRO-004
btx-collagen-boost-05,BTX Collagen Boost Reconstruction 05,BTX enriquecido com col√°geno que reconstr√≥i a fibra capilar e proporciona firmeza e elasticidade aos fios.,https://jchairstudios62.xyz/produto/btx-collagen-boost-05,https://jchairstudios62.xyz/images/products/produtos_diversos/IMG-8748.png,in stock,34.23 EUR,Collagen Boost,new,Health & Beauty > Personal Care > Hair Care > Hair Treatments,progressivas-btx,PT::Standard:4.90 EUR,CB-BTX-005
progressiva-silk-protein-06,Progressiva Silk Protein Advanced 06,Progressiva avan√ßada com prote√≠na da seda que deixa os cabelos extremamente sedosos e com brilho natural.,https://jchairstudios62.xyz/produto/progressiva-silk-protein-06,https://jchairstudios62.xyz/images/products/produtos_diversos/IMG-8752.png,in stock,110.44 EUR,Silk Protein,new,Health & Beauty > Personal Care > Hair Care > Hair Treatments,progressivas-btx,PT::Standard:4.90 EUR,SP-PRO-006
btx-vitamin-complex-07,BTX Vitamin Complex Revitalizing 07,"BTX enriquecido com complexo vitam√≠nico que revitaliza, nutre e reconstr√≥i os fios de forma profunda.",https://jchairstudios62.xyz/produto/btx-vitamin-complex-07,https://jchairstudios62.xyz/images/products/produtos_diversos/IMG-8753.png,in stock,38.9 EUR,Vitamin Complex,new,Health & Beauty > Personal Care > Hair Care > Hair Treatments,progressivas-btx,PT::Standard:4.90 EUR,VC-BTX-007
progressiva-nano-technology-08,Progressiva Nano Technology Ultra 08,Progressiva com nanotecnologia avan√ßada que penetra profundamente na fibra capilar para resultados excepcionais.,https://jchairstudios62.xyz/produto/progressiva-nano-technology-08,https://jchairstudios62.xyz/images/products/produtos_diversos/IMG-8757.png,in stock,162.8 EUR,Nano Tech,new,Health & Beauty > Personal Care > Hair Care > Hair Treatments,progressivas-btx,PT::Standard:4.90 EUR,NT-PRO-008
btx-argan-oil-09,BTX Argan Oil Luxury Treatment 09,BTX premium enriquecido com √≥leo de argan puro que proporciona nutri√ß√£o intensa e brilho excepcional.,https://jchairstudios62.xyz/produto/btx-argan-oil-09,https://jchairstudios62.xyz/images/products/produtos_diversos/IMG-8758.png,in stock,46.46 EUR,Argan Luxury,new,Health & Beauty > Personal Care > Hair Care > Hair Treatments,progressivas-btx,PT::Standard:4.90 EUR,AL-BTX-009
progressiva-diamond-shine-10,Progressiva Diamond Shine Professional 10,"Progressiva premium que proporciona brilho diamante aos cabelos, deixando-os luminosos e perfeitamente lisos.",https://jchairstudios62.xyz/produto/progressiva-diamond-shine-10,https://jchairstudios62.xyz/images/products/produtos_diversos/IMG-8759.png,in stock,172.04 EUR,Diamond Shine,new,Health & Beauty > Personal Care > Hair Care > Hair Treatments,progressivas-btx,PT::Standard:4.90 EUR,DS-PRO-010
advanced-progressive-system-11,Sistema Progressivo Advanced Premium 11,"Sistema progressivo completo com tecnologia brasileira avan√ßada. Oferece alisamento natural, redu√ß√£o de volume e prote√ß√£o t√©rmica. Resultados duradouros por at√© 5 meses.",https://jchairstudios62.xyz/produto/advanced-progressive-system-11,https://jchairstudios62.xyz/images/products/produtos_diversos/16-B50655-4465-477-A-95-C5-48-FC08-AAEAC1.png,in stock,34.14 EUR,Advanced System,new,Health & Beauty > Personal Care > Hair Care > Hair Treatments,progressivas-btx,PT::Standard:4.90 EUR,ADV-PROG-SYS-11
btx-ultra-reconstruction-12,BTX Ultra Reconstruction Therapy 12,"Terapia BTX ultra reconstruction especialmente desenvolvida para cabelos extremamente danificados. Tecnologia molecular que reconstr√≥i a fibra capilar, oferece alisamento suave e prote√ß√£o m√°xima.",https://jchairstudios62.xyz/produto/btx-ultra-reconstruction-12,https://jchairstudios62.xyz/images/products/produtos_diversos/1605-BFB8-97-D1-4-EAA-8-EEB-AD95-AD1657-B7.png,in stock,43.03 EUR,Ultra BTX,new,Health & Beauty > Personal Care > Hair Care > Hair Treatments,progressivas-btx,PT::Standard:4.90 EUR,ULTRA-BTX-REC-12
luxury-progressive-gold-13,Luxury Progressive Gold System 13,"Sistema progressivo luxury com micropart√≠culas de ouro. Oferece alisamento premium, brilho extremo e nutri√ß√£o profunda. Tecnologia exclusiva para resultados profissionais de sal√£o.",https://jchairstudios62.xyz/produto/luxury-progressive-gold-13,https://jchairstudios62.xyz/images/products/produtos_diversos/2-A39-E03-E-0-A0-D-4-F86-8-D5-D-F92-D6-DFE0-DF8.png,in stock,46.02 EUR,Luxury Gold,new,Health & Beauty > Personal Care > Hair Care > Hair Treatments,progressivas-btx,PT::Standard:4.90 EUR,LUX-GOLD-PROG-13
professional-btx-therapy-14,Professional BTX Therapy Advanced 14,"Tratamento BTX therapy profissional enriquecido com amino√°cidos essenciais. Reconstr√≥i totalmente a estrutura capilar, oferece alisamento natural e prote√ß√£o contra danos futuros.",https://jchairstudios62.xyz/produto/professional-btx-therapy-14,https://jchairstudios62.xyz/images/products/produtos_diversos/34-E687-F6-9783-48-DD-BCEF-03743-D43-FD26.png,in stock,36.26 EUR,BTX Therapy,new,Health & Beauty > Personal Care > Hair Care > Hair Treatments,progressivas-btx,PT::Standard:4.90 EUR,BTX-THERAPY-ADV-14
premium-btx-diamond-15,Premium BTX Diamond Collection 15,"Cole√ß√£o BTX premium diamond com tecnologia de brilho diamante. Oferece reconstru√ß√£o profunda, alisamento suave e brilho intenso. F√≥rmula exclusiva com prote√≠nas nobres.",https://jchairstudios62.xyz/produto/premium-btx-diamond-15,https://jchairstudios62.xyz/images/products/produtos_diversos/4-A0-CB406-3-AFE-43-B6-AFAB-6-D330-F38323-D.png,in stock,48.93 EUR,Diamond BTX,new,Health & Beauty > Personal Care > Hair Care > Hair Treatments,progressivas-btx,PT::Standard:4.90 EUR,DIAMOND-BTX-PREM-15
royal-progressive-platinum-16,Royal Progressive Platinum System 16,"Sistema progressivo royal platinum especialmente desenvolvido para cabelos maduros. Tecnologia anti-age que revitaliza, alisa e protege os fios. Resultados profissionais duradouros.",https://jchairstudios62.xyz/produto/royal-progressive-platinum-16,https://jchairstudios62.xyz/images/products/produtos_diversos/4-EFFA98-F-1-FFA-4-A43-97-CA-CE7080-D29-A94.png,in stock,43.82 EUR,Royal Platinum,new,Health & Beauty > Personal Care > Hair Care > Hair Treatments,progressivas-btx,PT::Standard:4.90 EUR,ROYAL-PLAT-PROG-16
professional-color-01,Colora√ß√£o Profissional Advanced Color 01,Colora√ß√£o profissional de alta performance com cobertura total e cor duradoura. F√≥rmula enriquecida com √≥leos naturais.,https://jchairstudios62.xyz/produto/professional-color-01,https://jchairstudios62.xyz/images/products/produtos_diversos/Design-sem-nome-png.png,in stock,17.42 EUR,Advanced Color,new,Health & Beauty > Personal Care,coloracao-capilar,PT::Standard:4.90 EUR,AC-COL-001
professional-color-02,Colora√ß√£o Profissional Advanced Color 02,Colora√ß√£o profissional de alta performance com cobertura total e cor duradoura. F√≥rmula enriquecida com √≥leos naturais.,https://jchairstudios62.xyz/produto/professional-color-02,https://jchairstudios62.xyz/images/products/produtos_diversos/Design-sem-nome-png-1.png,in stock,17.6 EUR,Advanced Color,new,Health & Beauty > Personal Care,coloracao-capilar,PT::Standard:4.90 EUR,AC-COL-002
professional-color-03,Colora√ß√£o Profissional Advanced Color 03,Colora√ß√£o profissional de alta performance com cobertura total e cor duradoura. F√≥rmula enriquecida com √≥leos naturais.,https://jchairstudios62.xyz/produto/professional-color-03,https://jchairstudios62.xyz/images/products/produtos_diversos/Design-sem-nome-png-2.png,in stock,17.78 EUR,Advanced Color,new,Health & Beauty > Personal Care,coloracao-capilar,PT::Standard:4.90 EUR,AC-COL-003
professional-color-04,Colora√ß√£o Profissional Advanced Color 04,Colora√ß√£o profissional de alta performance com cobertura total e cor duradoura. F√≥rmula enriquecida com √≥leos naturais.,https://jchairstudios62.xyz/produto/professional-color-04,https://jchairstudios62.xyz/images/products/produtos_diversos/Design-sem-nome-png-3.png,in stock,17.95 EUR,Advanced Color,new,Health & Beauty > Personal Care,coloracao-capilar,PT::Standard:4.90 EUR,AC-COL-004
intensive-color-05,Colora√ß√£o Intensiva Professional 05,Colora√ß√£o de alta intensidade que proporciona cores vibrantes e cobertura excepcional. Ideal para profissionais.,https://jchairstudios62.xyz/produto/intensive-color-05,https://jchairstudios62.xyz/images/products/produtos_diversos/E50589-AE-AFCE-4-FD5-8-D43-C27-A34-DDEEE0.png,in stock,16.37 EUR,Intensive Pro,new,Health & Beauty > Personal Care,coloracao-capilar,PT::Standard:4.90 EUR,IP-COL-005
salon-grade-color-06,Colora√ß√£o Salon Grade Professional 06,Colora√ß√£o de qualidade de sal√£o que oferece resultados consistentes e cores perfeitas. Desenvolvida para profissionais.,https://jchairstudios62.xyz/produto/salon-grade-color-06,https://jchairstudios62.xyz/images/products/produtos_diversos/E56-EA869-F48-B-4925-A000-3-D712-D35-B1-C2.png,in stock,18.66 EUR,Salon Grade,new,Health & Beauty > Personal Care,coloracao-capilar,PT::Standard:4.90 EUR,SG-COL-006
ultra-color-07,Ultra Color Professional 07,Colora√ß√£o com tecnologia ultra avan√ßada que garante m√°xima durabilidade e cores extraordin√°rias.,https://jchairstudios62.xyz/produto/ultra-color-07,https://jchairstudios62.xyz/images/products/produtos_diversos/EE902623-2-BC1-445-D-9-D31-071404310-ADE.png,in stock,20.06 EUR,Ultra Pro,new,Health & Beauty > Personal Care,coloracao-capilar,PT::Standard:4.90 EUR,UP-COL-007
master-color-08,Master Color Professional 08,Colora√ß√£o desenvolvida especialmente para mestres cabeleireiros que exigem perfei√ß√£o em cada aplica√ß√£o.,https://jchairstudios62.xyz/produto/master-color-08,https://jchairstudios62.xyz/images/products/produtos_diversos/IMG-8698.png,in stock,21.56 EUR,Master Pro,new,Health & Beauty > Personal Care,coloracao-capilar,PT::Standard:4.90 EUR,MP-COL-008
elite-color-09,Elite Color Professional 09,Colora√ß√£o da linha elite que proporciona resultados excepcionais com cores ricas e vibrantes.,https://jchairstudios62.xyz/produto/elite-color-09,https://jchairstudios62.xyz/images/products/produtos_diversos/IMG-8711.png,in stock,22.18 EUR,Elite Pro,new,Health & Beauty > Personal Care,coloracao-capilar,PT::Standard:4.90 EUR,EP-COL-009
platinum-color-10,Platinum Color Professional 10,Colora√ß√£o platinum que representa o m√°ximo em qualidade e performance para profissionais exigentes.,https://jchairstudios62.xyz/produto/platinum-color-10,https://jchairstudios62.xyz/images/products/produtos_diversos/IMG-8712.png,in stock,23.58 EUR,Platinum Pro,new,Health & Beauty > Personal Care,coloracao-capilar,PT::Standard:4.90 EUR,PP-COL-010
advanced-treatment-system-16,Advanced Treatment System Recovery 16,"Sistema de tratamento advanced recovery especialmente desenvolvido para cabelos severamente danificados. Tecnologia molecular que reconstr√≥i, nutre e protege os fios em profundidade.",https://jchairstudios62.xyz/produto/advanced-treatment-system-16,https://jchairstudios62.xyz/images/products/produtos_diversos/A34-CFBA7-444-D-42-D8-999-F-F0-F4-CBCC9-FDE.png,in stock,26.22 EUR,Advanced Treatment,new,Health & Beauty > Personal Care,coloracao-capilar,PT::Standard:4.90 EUR,ADV-TREAT-REC-16
intensive-repair-therapy-17,Intensive Repair Therapy Gold 17,"Terapia de repara√ß√£o intensiva enriquecida com micropart√≠culas de ouro. Oferece repara√ß√£o profunda, nutri√ß√£o intensa e brilho dourado aos cabelos. Tecnologia premium.",https://jchairstudios62.xyz/produto/intensive-repair-therapy-17,https://jchairstudios62.xyz/images/products/produtos_diversos/C169-E200-8976-49-A0-A11-D-1-CE29-D126301.png,in stock,31.33 EUR,Repair Therapy,new,Health & Beauty > Personal Care,coloracao-capilar,PT::Standard:4.90 EUR,INT-REPAIR-GOLD-17
professional-nutrition-complex-18,Professional Nutrition Complex Platinum 18,"Complexo de nutri√ß√£o profissional platinum com ingredientes nobres. Oferece nutri√ß√£o m√°xima, maciez extrema e prote√ß√£o duradoura. F√≥rmula exclusiva para sal√µes.",https://jchairstudios62.xyz/produto/professional-nutrition-complex-18,https://jchairstudios62.xyz/images/products/produtos_diversos/CEC1-A0-BB-3-DC0-4-B31-AD8-B-B89-A11-A599-AD.png,in stock,37.22 EUR,Nutrition Complex,new,Health & Beauty > Personal Care,coloracao-capilar,PT::Standard:4.90 EUR,PROF-NUTR-PLAT-18
ultra-hydration-therapy-19,Ultra Hydration Therapy Diamond 19,"Terapia de hidrata√ß√£o ultra diamond com tecnologia de brilho extremo. Oferece hidrata√ß√£o profunda, elimina o frizz e proporciona brilho diamante aos cabelos.",https://jchairstudios62.xyz/produto/ultra-hydration-therapy-19,https://jchairstudios62.xyz/images/products/produtos_diversos/Design-sem-nome-png-1.png,in stock,34.23 EUR,Hydration Therapy,new,Health & Beauty > Personal Care,coloracao-capilar,PT::Standard:4.90 EUR,ULTRA-HYDR-DIAM-19
regenerative-treatment-premium-20,Regenerative Treatment Premium System 20,Sistema de tratamento regenerativo premium que promove a regenera√ß√£o total dos fios. Tecnologia avan√ßada com c√©lulas-tronco vegetais e amino√°cidos essenciais.,https://jchairstudios62.xyz/produto/regenerative-treatment-premium-20,https://jchairstudios62.xyz/images/products/produtos_diversos/Design-sem-nome-png-2.png,in stock,40.3 EUR,Regenerative Pro,new,Health & Beauty > Personal Care,coloracao-capilar,PT::Standard:4.90 EUR,REGEN-TREAT-PREM-20
bruna-tavares-bt-skin-d30,Base BT Skin D30 - Tom Escuro,"Base l√≠quida BT Skin com f√≥rmula avan√ßada, cobertura natural e alta pigmenta√ß√£o. Desenvolvida com √°cido hialur√¥nico para hidrata√ß√£o prolongada e ativos que aumentam a energia celular.",https://jchairstudios62.xyz/produto/bruna-tavares-bt-skin-d30,https://jchairstudios62.xyz/images/products/bruna-tavares-bt-skin/BT Skin D30 Base Bruna Tavares.png,in stock,24.2 EUR,Bruna Tavares,new,Health & Beauty > Personal Care,maquiagem-premium,PT::Standard:4.90 EUR,BT-SKIN-D30-001
bruna-tavares-bt-skin-f10,Base BT Skin F10 - Tom Claro,Base l√≠quida BT Skin especialmente desenvolvida para peles claras com subtom frio. F√≥rmula com √°cido hialur√¥nico e prote√ß√£o contra luz azul.,https://jchairstudios62.xyz/produto/bruna-tavares-bt-skin-f10,https://jchairstudios62.xyz/images/products/bruna-tavares-bt-skin/BT Skin F10 Base Bruna Tavares.png,in stock,24.2 EUR,Bruna Tavares,new,Health & Beauty > Personal Care,maquiagem-premium,PT::Standard:4.90 EUR,BT-SKIN-F10-001
bruna-tavares-bt-skin-m20,Base BT Skin M20 - Tom M√©dio,Base l√≠quida BT Skin para peles m√©dias com subtom quente. Acabamento natural aveludado com tecnologia brasileira de ponta.,https://jchairstudios62.xyz/produto/bruna-tavares-bt-skin-m20,https://jchairstudios62.xyz/images/products/bruna-tavares-bt-skin/BT Skin M20 Base Bruna Tavares.png,in stock,24.2 EUR,Bruna Tavares,new,Health & Beauty > Personal Care,maquiagem-premium,PT::Standard:4.90 EUR,BT-SKIN-M20-001
mari-maria-base-amndoa,Base Mari Maria - Tom Am√™ndoa,Base l√≠quida profissional Mari Maria no tom Am√™ndoa. Acabamento natural e cobertura modul√°vel para todos os tipos de pele.,https://jchairstudios62.xyz/produto/mari-maria-base-amndoa,https://jchairstudios62.xyz/images/products/mari-maria-bases/mari-maria-base-amndoa.png,in stock,1 EUR,Mari Maria,new,Health & Beauty > Personal Care,maquiagem-premium,PT::Standard:4.90 EUR,MM-BASE-AMNDOA
teste-juliana,Teste Juliana,"Produto especial criado para teste do sistema de e-commerce. Perfeito para validar funcionalidades de compra, pagamento e notifica√ß√µes.",https://jchairstudios62.xyz/produto/teste-juliana,https://jchairstudios62.xyz/images/products/placeholder-product.jpg,in stock,1 EUR,JC Hair Studio,new,Health & Beauty > Personal Care,maquiagem-premium,PT::Standard:4.90 EUR,TJ-TEST-001
mari-maria-base-baunilha,Base Mari Maria - Tom Baunilha,Base l√≠quida profissional Mari Maria no tom Baunilha. Acabamento natural e cobertura modul√°vel para todos os tipos de pele.,https://jchairstudios62.xyz/produto/mari-maria-base-baunilha,https://jchairstudios62.xyz/images/products/mari-maria-bases/mari-maria-base-baunilha.png,in stock,28.56 EUR,Mari Maria,new,Health & Beauty > Personal Care,maquiagem-premium,PT::Standard:4.90 EUR,MM-BASE-BAUNILHA
mari-maria-base-bege-claro,Base Mari Maria - Tom Bege Claro,Base l√≠quida profissional Mari Maria no tom Bege Claro. Acabamento natural e cobertura modul√°vel para todos os tipos de pele.,https://jchairstudios62.xyz/produto/mari-maria-base-bege-claro,https://jchairstudios62.xyz/images/products/mari-maria-bases/mari-maria-base-bege-claro.png,in stock,29.36 EUR,Mari Maria,new,Health & Beauty > Personal Care,maquiagem-premium,PT::Standard:4.90 EUR,MM-BASE-BEGE-CLARO
mari-maria-base-bege-escuro,Base Mari Maria - Tom Bege Escuro,Base l√≠quida profissional Mari Maria no tom Bege Escuro. Acabamento natural e cobertura modul√°vel para todos os tipos de pele.,https://jchairstudios62.xyz/produto/mari-maria-base-bege-escuro,https://jchairstudios62.xyz/images/products/mari-maria-bases/mari-maria-base-bege-escuro.png,in stock,29.76 EUR,Mari Maria,new,Health & Beauty > Personal Care,maquiagem-premium,PT::Standard:4.90 EUR,MM-BASE-BEGE-ESCURO
mari-maria-base-bege-medio,Base Mari Maria - Tom Bege M√©dio,Base l√≠quida profissional Mari Maria no tom Bege M√©dio. Acabamento natural e cobertura modul√°vel para todos os tipos de pele.,https://jchairstudios62.xyz/produto/mari-maria-base-bege-medio,https://jchairstudios62.xyz/images/products/mari-maria-bases/mari-maria-base-bege-mdio.png,in stock,30.16 EUR,Mari Maria,new,Health & Beauty > Personal Care,maquiagem-premium,PT::Standard:4.90 EUR,MM-BASE-BEGE-MEDIO
mari-maria-base-cacau,Base Mari Maria - Tom Cacau,Base l√≠quida profissional Mari Maria no tom Cacau. Acabamento natural e cobertura modul√°vel para todos os tipos de pele.,https://jchairstudios62.xyz/produto/mari-maria-base-cacau,https://jchairstudios62.xyz/images/products/mari-maria-bases/mari-maria-base-cacau.png,in stock,30.56 EUR,Mari Maria,new,Health & Beauty > Personal Care,maquiagem-premium,PT::Standard:4.90 EUR,MM-BASE-CACAU
mari-maria-base-canela,Base Mari Maria - Tom Canela,Base l√≠quida profissional Mari Maria no tom Canela. Acabamento natural e cobertura modul√°vel para todos os tipos de pele.,https://jchairstudios62.xyz/produto/mari-maria-base-canela,https://jchairstudios62.xyz/images/products/mari-maria-bases/mari-maria-base-canela.png,in stock,30.96 EUR,Mari Maria,new,Health & Beauty > Personal Care,maquiagem-premium,PT::Standard:4.90 EUR,MM-BASE-CANELA
mari-maria-base-caramelo,Base Mari Maria - Tom Caramelo,Base l√≠quida profissional Mari Maria no tom Caramelo. Acabamento natural e cobertura modul√°vel para todos os tipos de pele.,https://jchairstudios62.xyz/produto/mari-maria-base-caramelo,https://jchairstudios62.xyz/images/products/mari-maria-bases/mari-maria-base-caramelo.png,in stock,31.36 EUR,Mari Maria,new,Health & Beauty > Personal Care,maquiagem-premium,PT::Standard:4.90 EUR,MM-BASE-CARAMELO
mari-maria-base-chocolate,Base Mari Maria - Tom Chocolate,Base l√≠quida profissional Mari Maria no tom Chocolate. Acabamento natural e cobertura modul√°vel para todos os tipos de pele.,https://jchairstudios62.xyz/produto/mari-maria-base-chocolate,https://jchairstudios62.xyz/images/products/mari-maria-bases/mari-maria-base-chocolate.png,in stock,31.76 EUR,Mari Maria,new,Health & Beauty > Personal Care,maquiagem-premium,PT::Standard:4.90 EUR,MM-BASE-CHOCOLATE
mari-maria-base-nude,Base Mari Maria - Tom Nude,Base l√≠quida profissional Mari Maria no tom Nude. Acabamento natural e cobertura modul√°vel para todos os tipos de pele.,https://jchairstudios62.xyz/produto/mari-maria-base-nude,https://jchairstudios62.xyz/images/products/mari-maria-bases/mari-maria-base-nude.png,in stock,32.16 EUR,Mari Maria,new,Health & Beauty > Personal Care,maquiagem-premium,PT::Standard:4.90 EUR,MM-BASE-NUDE
bruna-tavares-bt-skin-d10,Base BT Skin D10 - Tom Dourado,Base l√≠quida BT Skin para peles de tom dourado. Tecnologia brasileira com acabamento natural aveludado e longa dura√ß√£o.,https://jchairstudios62.xyz/produto/bruna-tavares-bt-skin-d10,https://jchairstudios62.xyz/images/products/bruna-tavares-bt-skin/BT Skin D10 Base Bruna Tavares.png,in stock,22 EUR,Bruna Tavares,new,Health & Beauty > Personal Care,maquiagem-premium,PT::Standard:4.90 EUR,BT-SKIN-D10
bruna-tavares-bt-skin-d20,Base BT Skin D20 - Tom Dourado,Base l√≠quida BT Skin para peles de tom dourado. Tecnologia brasileira com acabamento natural aveludado e longa dura√ß√£o.,https://jchairstudios62.xyz/produto/bruna-tavares-bt-skin-d20,https://jchairstudios62.xyz/images/products/bruna-tavares-bt-skin/BT Skin D20 Base Bruna Tavares.png,in stock,22.25 EUR,Bruna Tavares,new,Health & Beauty > Personal Care,maquiagem-premium,PT::Standard:4.90 EUR,BT-SKIN-D20
bruna-tavares-bt-skin-d40,Base BT Skin D40 - Tom Dourado,Base l√≠quida BT Skin para peles de tom dourado. Tecnologia brasileira com acabamento natural aveludado e longa dura√ß√£o.,https://jchairstudios62.xyz/produto/bruna-tavares-bt-skin-d40,https://jchairstudios62.xyz/images/products/bruna-tavares-bt-skin/BT Skin D40 Base Bruna Tavares.png,in stock,22.75 EUR,Bruna Tavares,new,Health & Beauty > Personal Care,maquiagem-premium,PT::Standard:4.90 EUR,BT-SKIN-D40
bruna-tavares-bt-skin-d50,Base BT Skin D50 - Tom Dourado,Base l√≠quida BT Skin para peles de tom dourado. Tecnologia brasileira com acabamento natural aveludado e longa dura√ß√£o.,https://jchairstudios62.xyz/produto/bruna-tavares-bt-skin-d50,https://jchairstudios62.xyz/images/products/bruna-tavares-bt-skin/BT Skin D50 Base Bruna Tavares.png,in stock,23 EUR,Bruna Tavares,new,Health & Beauty > Personal Care,maquiagem-premium,PT::Standard:4.90 EUR,BT-SKIN-D50
bruna-tavares-bt-skin-d60,Base BT Skin D60 - Tom Dourado,Base l√≠quida BT Skin para peles de tom dourado. Tecnologia brasileira com acabamento natural aveludado e longa dura√ß√£o.,https://jchairstudios62.xyz/produto/bruna-tavares-bt-skin-d60,https://jchairstudios62.xyz/images/products/bruna-tavares-bt-skin/BT Skin D60 Base Bruna Tavares.png,in stock,23.25 EUR,Bruna Tavares,new,Health & Beauty > Personal Care,maquiagem-premium,PT::Standard:4.90 EUR,BT-SKIN-D60
bruna-tavares-bt-skin-f20,Base BT Skin F20 - Tom Frio,Base l√≠quida BT Skin para peles de tom frio. Tecnologia brasileira com acabamento natural aveludado e longa dura√ß√£o.,https://jchairstudios62.xyz/produto/bruna-tavares-bt-skin-f20,https://jchairstudios62.xyz/images/products/bruna-tavares-bt-skin/BT Skin F20 Base Bruna Tavares.png,in stock,22.25 EUR,Bruna Tavares,new,Health & Beauty > Personal Care,maquiagem-premium,PT::Standard:4.90 EUR,BT-SKIN-F20
bruna-tavares-bt-skin-f30,Base BT Skin F30 - Tom Frio,Base l√≠quida BT Skin para peles de tom frio. Tecnologia brasileira com acabamento natural aveludado e longa dura√ß√£o.,https://jchairstudios62.xyz/produto/bruna-tavares-bt-skin-f30,https://jchairstudios62.xyz/images/products/bruna-tavares-bt-skin/BT Skin F30 Base Bruna Tavares.png,in stock,22.5 EUR,Bruna Tavares,new,Health & Beauty > Personal Care,maquiagem-premium,PT::Standard:4.90 EUR,BT-SKIN-F30
bruna-tavares-bt-skin-f40,Base BT Skin F40 - Tom Frio,Base l√≠quida BT Skin para peles de tom frio. Tecnologia brasileira com acabamento natural aveludado e longa dura√ß√£o.,https://jchairstudios62.xyz/produto/bruna-tavares-bt-skin-f40,https://jchairstudios62.xyz/images/products/bruna-tavares-bt-skin/BT Skin F40 Base Bruna Tavares.png,in stock,22.75 EUR,Bruna Tavares,new,Health & Beauty > Personal Care,maquiagem-premium,PT::Standard:4.90 EUR,BT-SKIN-F40
bruna-tavares-bt-skin-f50,Base BT Skin F50 - Tom Frio,Base l√≠quida BT Skin para peles de tom frio. Tecnologia brasileira com acabamento natural aveludado e longa dura√ß√£o.,https://jchairstudios62.xyz/produto/bruna-tavares-bt-skin-f50,https://jchairstudios62.xyz/images/products/bruna-tavares-bt-skin/BT Skin F50 Base Bruna Tavares.png,in stock,23 EUR,Bruna Tavares,new,Health & Beauty > Personal Care,maquiagem-premium,PT::Standard:4.90 EUR,BT-SKIN-F50
bruna-tavares-bt-skin-f60,Base BT Skin F60 - Tom Frio,Base l√≠quida BT Skin para peles de tom frio. Tecnologia brasileira com acabamento natural aveludado e longa dura√ß√£o.,https://jchairstudios62.xyz/produto/bruna-tavares-bt-skin-f60,https://jchairstudios62.xyz/images/products/bruna-tavares-bt-skin/BT Skin F60 Base Bruna Tavares.png,in stock,23.25 EUR,Bruna Tavares,new,Health & Beauty > Personal Care,maquiagem-premium,PT::Standard:4.90 EUR,BT-SKIN-F60
bruna-tavares-bt-skin-l10,Base BT Skin L10 - Tom Livre,Base l√≠quida BT Skin para peles de tom livre. Tecnologia brasileira com acabamento natural aveludado e longa dura√ß√£o.,https://jchairstudios62.xyz/produto/bruna-tavares-bt-skin-l10,https://jchairstudios62.xyz/images/products/bruna-tavares-bt-skin/BT Skin L10 Base Bruna Tavares.png,in stock,23.5 EUR,Bruna Tavares,new,Health & Beauty > Personal Care,maquiagem-premium,PT::Standard:4.90 EUR,BT-SKIN-L10
bruna-tavares-bt-skin-l20,Base BT Skin L20 - Tom Livre,Base l√≠quida BT Skin para peles de tom livre. Tecnologia brasileira com acabamento natural aveludado e longa dura√ß√£o.,https://jchairstudios62.xyz/produto/bruna-tavares-bt-skin-l20,https://jchairstudios62.xyz/images/products/bruna-tavares-bt-skin/BT Skin L20 Base Bruna Tavares.png,in stock,23.75 EUR,Bruna Tavares,new,Health & Beauty > Personal Care,maquiagem-premium,PT::Standard:4.90 EUR,BT-SKIN-L20
bruna-tavares-bt-skin-l30,Base BT Skin L30 - Tom Livre,Base l√≠quida BT Skin para peles de tom livre. Tecnologia brasileira com acabamento natural aveludado e longa dura√ß√£o.,https://jchairstudios62.xyz/produto/bruna-tavares-bt-skin-l30,https://jchairstudios62.xyz/images/products/bruna-tavares-bt-skin/BT Skin L30 Base Bruna Tavares.png,in stock,24 EUR,Bruna Tavares,new,Health & Beauty > Personal Care,maquiagem-premium,PT::Standard:4.90 EUR,BT-SKIN-L30
bruna-tavares-bt-skin-l40,Base BT Skin L40 - Tom Livre,Base l√≠quida BT Skin para peles de tom livre. Tecnologia brasileira com acabamento natural aveludado e longa dura√ß√£o.,https://jchairstudios62.xyz/produto/bruna-tavares-bt-skin-l40,https://jchairstudios62.xyz/images/products/bruna-tavares-bt-skin/BT Skin L40 Base Bruna Tavares.png,in stock,24.25 EUR,Bruna Tavares,new,Health & Beauty > Personal Care,maquiagem-premium,PT::Standard:4.90 EUR,BT-SKIN-L40
bruna-tavares-bt-skin-l50,Base BT Skin L50 - Tom Livre,Base l√≠quida BT Skin para peles de tom livre. Tecnologia brasileira com acabamento natural aveludado e longa dura√ß√£o.,https://jchairstudios62.xyz/produto/bruna-tavares-bt-skin-l50,https://jchairstudios62.xyz/images/products/bruna-tavares-bt-skin/BT Skin L50 Base Bruna Tavares.png,in stock,24.5 EUR,Bruna Tavares,new,Health & Beauty > Personal Care,maquiagem-premium,PT::Standard:4.90 EUR,BT-SKIN-L50
bruna-tavares-bt-skin-l60,Base BT Skin L60 - Tom Livre,Base l√≠quida BT Skin para peles de tom livre. Tecnologia brasileira com acabamento natural aveludado e longa dura√ß√£o.,https://jchairstudios62.xyz/produto/bruna-tavares-bt-skin-l60,https://jchairstudios62.xyz/images/products/bruna-tavares-bt-skin/BT Skin L60 Base Bruna Tavares.png,in stock,24.75 EUR,Bruna Tavares,new,Health & Beauty > Personal Care,maquiagem-premium,PT::Standard:4.90 EUR,BT-SKIN-L60
bruna-tavares-bt-skin-m10,Base BT Skin M10 - Tom M√©dio,Base l√≠quida BT Skin para peles de tom m√©dio. Tecnologia brasileira com acabamento natural aveludado e longa dura√ß√£o.,https://jchairstudios62.xyz/produto/bruna-tavares-bt-skin-m10,https://jchairstudios62.xyz/images/products/bruna-tavares-bt-skin/BT Skin M10 Base Bruna Tavares.png,in stock,25 EUR,Bruna Tavares,new,Health & Beauty > Personal Care,maquiagem-premium,PT::Standard:4.90 EUR,BT-SKIN-M10
bruna-tavares-bt-skin-m30,Base BT Skin M30 - Tom M√©dio,Base l√≠quida BT Skin para peles de tom m√©dio. Tecnologia brasileira com acabamento natural aveludado e longa dura√ß√£o.,https://jchairstudios62.xyz/produto/bruna-tavares-bt-skin-m30,https://jchairstudios62.xyz/images/products/bruna-tavares-bt-skin/BT Skin M30 Base Bruna Tavares.png,in stock,25.25 EUR,Bruna Tavares,new,Health & Beauty > Personal Care,maquiagem-premium,PT::Standard:4.90 EUR,BT-SKIN-M30
bruna-tavares-bt-skin-m40,Base BT Skin M40 - Tom M√©dio,Base l√≠quida BT Skin para peles de tom m√©dio. Tecnologia brasileira com acabamento natural aveludado e longa dura√ß√£o.,https://jchairstudios62.xyz/produto/bruna-tavares-bt-skin-m40,https://jchairstudios62.xyz/images/products/bruna-tavares-bt-skin/BT Skin M40 Base Bruna Tavares.png,in stock,25.5 EUR,Bruna Tavares,new,Health & Beauty > Personal Care,maquiagem-premium,PT::Standard:4.90 EUR,BT-SKIN-M40
bruna-tavares-bt-skin-m50,Base BT Skin M50 - Tom M√©dio,Base l√≠quida BT Skin para peles de tom m√©dio. Tecnologia brasileira com acabamento natural aveludado e longa dura√ß√£o.,https://jchairstudios62.xyz/produto/bruna-tavares-bt-skin-m50,https://jchairstudios62.xyz/images/products/bruna-tavares-bt-skin/BT Skin M50 Base Bruna Tavares.png,in stock,25.75 EUR,Bruna Tavares,new,Health & Beauty > Personal Care,maquiagem-premium,PT::Standard:4.90 EUR,BT-SKIN-M50
bruna-tavares-bt-skin-m60,Base BT Skin M60 - Tom M√©dio,Base l√≠quida BT Skin para peles de tom m√©dio. Tecnologia brasileira com acabamento natural aveludado e longa dura√ß√£o.,https://jchairstudios62.xyz/produto/bruna-tavares-bt-skin-m60,https://jchairstudios62.xyz/images/products/bruna-tavares-bt-skin/BT Skin M60 Base Bruna Tavares.png,in stock,26 EUR,Bruna Tavares,new,Health & Beauty > Personal Care,maquiagem-premium,PT::Standard:4.90 EUR,BT-SKIN-M60
bruna-tavares-bt-skin-t10,Base BT Skin T10 - Tom Tropic√°lia,Base l√≠quida BT Skin para peles de tom tropic√°lia. Tecnologia brasileira com acabamento natural aveludado e longa dura√ß√£o.,https://jchairstudios62.xyz/produto/bruna-tavares-bt-skin-t10,https://jchairstudios62.xyz/images/products/bruna-tavares-bt-skin/BT Skin T10 Base Bruna Tavares.png,in stock,26.25 EUR,Bruna Tavares,new,Health & Beauty > Personal Care,maquiagem-premium,PT::Standard:4.90 EUR,BT-SKIN-T10
bruna-tavares-bt-skin-t20,Base BT Skin T20 - Tom Tropic√°lia,Base l√≠quida BT Skin para peles de tom tropic√°lia. Tecnologia brasileira com acabamento natural aveludado e longa dura√ß√£o.,https://jchairstudios62.xyz/produto/bruna-tavares-bt-skin-t20,https://jchairstudios62.xyz/images/products/bruna-tavares-bt-skin/BT Skin T20 Base Bruna Tavares.png,in stock,26.5 EUR,Bruna Tavares,new,Health & Beauty > Personal Care,maquiagem-premium,PT::Standard:4.90 EUR,BT-SKIN-T20
bruna-tavares-bt-skin-t30,Base BT Skin T30 - Tom Tropic√°lia,Base l√≠quida BT Skin para peles de tom tropic√°lia. Tecnologia brasileira com acabamento natural aveludado e longa dura√ß√£o.,https://jchairstudios62.xyz/produto/bruna-tavares-bt-skin-t30,https://jchairstudios62.xyz/images/products/bruna-tavares-bt-skin/BT Skin T30 Base Bruna Tavares.png,in stock,26.75 EUR,Bruna Tavares,new,Health & Beauty > Personal Care,maquiagem-premium,PT::Standard:4.90 EUR,BT-SKIN-T30
bruna-tavares-bt-skin-t40,Base BT Skin T40 - Tom Tropic√°lia,Base l√≠quida BT Skin para peles de tom tropic√°lia. Tecnologia brasileira com acabamento natural aveludado e longa dura√ß√£o.,https://jchairstudios62.xyz/produto/bruna-tavares-bt-skin-t40,https://jchairstudios62.xyz/images/products/bruna-tavares-bt-skin/BT Skin T40 Base Bruna Tavares.png,in stock,27 EUR,Bruna Tavares,new,Health & Beauty > Personal Care,maquiagem-premium,PT::Standard:4.90 EUR,BT-SKIN-T40
bruna-tavares-bt-skin-t50,Base BT Skin T50 - Tom Tropic√°lia,Base l√≠quida BT Skin para peles de tom tropic√°lia. Tecnologia brasileira com acabamento natural aveludado e longa dura√ß√£o.,https://jchairstudios62.xyz/produto/bruna-tavares-bt-skin-t50,https://jchairstudios62.xyz/images/products/bruna-tavares-bt-skin/BT Skin T50 Base Bruna Tavares.png,in stock,27.25 EUR,Bruna Tavares,new,Health & Beauty > Personal Care,maquiagem-premium,PT::Standard:4.90 EUR,BT-SKIN-T50
bruna-tavares-bt-skin-t60,Base BT Skin T60 - Tom Tropic√°lia,Base l√≠quida BT Skin para peles de tom tropic√°lia. Tecnologia brasileira com acabamento natural aveludado e longa dura√ß√£o.,https://jchairstudios62.xyz/produto/bruna-tavares-bt-skin-t60,https://jchairstudios62.xyz/images/products/bruna-tavares-bt-skin/BT Skin T60 Base Bruna Tavares.png,in stock,27.5 EUR,Bruna Tavares,new,Health & Beauty > Personal Care,maquiagem-premium,PT::Standard:4.90 EUR,BT-SKIN-T60
premium-lipstick-01,Batom Premium Matte Luxo 01,Batom de alta pigmenta√ß√£o com acabamento matte e textura aveludada. Longa dura√ß√£o e conforto durante todo o dia.,https://jchairstudios62.xyz/produto/premium-lipstick-01,https://jchairstudios62.xyz/images/products/produtos_diversos/IMG-8713.png,in stock,28.6 EUR,Luxo Makeup,new,Health & Beauty > Personal Care,maquiagem-premium,PT::Standard:4.90 EUR,LM-BAT-001
premium-foundation-02,Base L√≠quida Premium Full Coverage 02,Base l√≠quida de cobertura total que proporciona acabamento natural e dura√ß√£o de at√© 16 horas.,https://jchairstudios62.xyz/produto/premium-foundation-02,https://jchairstudios62.xyz/images/products/produtos_diversos/IMG-8716.png,in stock,33.44 EUR,Full Cover,new,Health & Beauty > Personal Care,maquiagem-premium,PT::Standard:4.90 EUR,FC-BAS-002
premium-concealer-03,Corretivo Premium High Definition 03,Corretivo de alta defini√ß√£o que oferece cobertura perfeita para olheiras e imperfei√ß√µes.,https://jchairstudios62.xyz/produto/premium-concealer-03,https://jchairstudios62.xyz/images/products/produtos_diversos/IMG-8718.png,in stock,25.08 EUR,HD Makeup,new,Health & Beauty > Personal Care,maquiagem-premium,PT::Standard:4.90 EUR,HD-COR-003
premium-mascara-04,M√°scara para C√≠lios Premium Volume 04,"M√°scara para c√≠lios que proporciona volume extremo e separa√ß√£o perfeita, sem grumos.",https://jchairstudios62.xyz/produto/premium-mascara-04,https://jchairstudios62.xyz/images/products/produtos_diversos/IMG-8720.png,in stock,23.58 EUR,Volume Max,new,Health & Beauty > Personal Care,maquiagem-premium,PT::Standard:4.90 EUR,VM-MAS-004
premium-eyeshadow-05,Paleta de Sombras Premium Luxury 05,Paleta com 12 sombras altamente pigmentadas em acabamentos matte e shimmer para looks vers√°teis.,https://jchairstudios62.xyz/produto/premium-eyeshadow-05,https://jchairstudios62.xyz/images/products/produtos_diversos/IMG-8725.png,in stock,39.6 EUR,Luxury Eyes,new,Health & Beauty > Personal Care,maquiagem-premium,PT::Standard:4.90 EUR,LE-PAL-005
premium-blush-06,Blush Premium Glow Natural 06,Blush de textura sedosa que proporciona cor natural e luminosidade saud√°vel √†s bochechas.,https://jchairstudios62.xyz/produto/premium-blush-06,https://jchairstudios62.xyz/images/products/produtos_diversos/IMG-8727.png,in stock,21.56 EUR,Natural Glow,new,Health & Beauty > Personal Care,maquiagem-premium,PT::Standard:4.90 EUR,NG-BLU-006
premium-eyeliner-07,Delineador Premium Precision 07,Delineador l√≠quido de alta precis√£o que permite tra√ßos perfeitos e dura√ß√£o prolongada.,https://jchairstudios62.xyz/produto/premium-eyeliner-07,https://jchairstudios62.xyz/images/products/produtos_diversos/IMG-8733.png,in stock,20.06 EUR,Precision Line,new,Health & Beauty > Personal Care,maquiagem-premium,PT::Standard:4.90 EUR,PL-DEL-007
premium-powder-08,P√≥ Compacto Premium Transl√∫cido 08,"P√≥ compacto transl√∫cido que fixa a maquiagem sem alterar as cores, com acabamento natural.",https://jchairstudios62.xyz/produto/premium-powder-08,https://jchairstudios62.xyz/images/products/produtos_diversos/IMG-8734.png,in stock,22.88 EUR,Translucent Pro,new,Health & Beauty > Personal Care,maquiagem-premium,PT::Standard:4.90 EUR,TP-POC-008
juliana-teste,juliana teste,Produto especial de teste com nome Juliana. Valor promocional de 1 euro para testes do sistema.,https://jchairstudios62.xyz/produto/juliana-teste,https://jchairstudios62.xyz/placeholder-product.jpg,in stock,1 EUR,JC Hair Studio,new,Health & Beauty > Personal Care,maquiagem-premium,PT::Standard:4.90 EUR,JC-JULIANA-TEST-001
produto-teste-001,üß™ Produto Teste - Email System,Produto espec√≠fico para testar o sistema de emails de confirma√ß√£o. Valor m√≠nimo para facilitar testes de pagamento e notifica√ß√µes.,https://jchairstudios62.xyz/produto/produto-teste-email-system,https://jchairstudios62.xyz/placeholder-product.jpg,in stock,1 EUR,JC Hair Studio,new,Health & Beauty > Personal Care,maquiagem-premium,PT::Standard:4.90 EUR,TEST-EMAIL-001
elite-coloracao-premium-11,Elite Colora√ß√£o Premium Pro 11,"Colora√ß√£o profissional elite premium com tecnologia advanced. Oferece cobertura total, durabilidade superior e brilho intenso. F√≥rmula enriquecida com √≥leos nutritivos.",https://jchairstudios62.xyz/produto/elite-coloracao-premium-11,https://jchairstudios62.xyz/images/products/produtos_diversos/514342-F6-CCD2-48-B5-96-CE-2-A3-E48-F4485-D.png,in stock,19.71 EUR,Elite Pro,new,Health & Beauty > Personal Care,maquiagem-premium,PT::Standard:4.90 EUR,ELITE-COLOR-PREM-11
supreme-color-intensive-12,Supreme Color Intensive System 12,"Sistema de colora√ß√£o supreme intensive com prote√ß√£o UV e complexo antioxidante. Oferece cor vibrante, prote√ß√£o solar e longa dura√ß√£o. Tecnologia profissional avan√ßada.",https://jchairstudios62.xyz/produto/supreme-color-intensive-12,https://jchairstudios62.xyz/images/products/produtos_diversos/65408488-2-F2-B-4-C34-8265-4953-FBF033-C8.png,in stock,22.7 EUR,Supreme Color,new,Health & Beauty > Personal Care,maquiagem-premium,PT::Standard:4.90 EUR,SUP-COLOR-INT-12
luxury-color-diamond-13,Luxury Color Diamond Collection 13,"Cole√ß√£o luxury de colora√ß√£o diamond com tecnologia de brilho extremo. Oferece cor intensa, brilho diamante e nutri√ß√£o profunda. F√≥rmula exclusiva com prote√≠nas nobres.",https://jchairstudios62.xyz/produto/luxury-color-diamond-13,https://jchairstudios62.xyz/images/products/produtos_diversos/70845531-B3-EB-40-FA-A4-D3-D29350848-B87.png,in stock,25.43 EUR,Diamond Color,new,Health & Beauty > Personal Care,maquiagem-premium,PT::Standard:4.90 EUR,LUX-COLOR-DIAM-13
professional-color-platinum-14,Professional Color Platinum Advanced 14,"Colora√ß√£o professional platinum com tecnologia anti-fade. Oferece cores duradouras, cobertura uniforme e prote√ß√£o contra desbotamento. Sistema profissional avan√ßado.",https://jchairstudios62.xyz/produto/professional-color-platinum-14,https://jchairstudios62.xyz/images/products/produtos_diversos/8-AF9-EB77-A783-417-B-82-E8-0-B1-D0268-DA00.png,in stock,23.32 EUR,Platinum Pro,new,Health & Beauty > Personal Care,maquiagem-premium,PT::Standard:4.90 EUR,PROF-COLOR-PLAT-14
royal-color-exclusive-15,Royal Color Exclusive Edition 15,"Colora√ß√£o royal exclusive edition desenvolvida para sal√µes de luxo. F√≥rmula premium com ingredientes nobres, cobertura excepcional e resultados profissionais √∫nicos.",https://jchairstudios62.xyz/produto/royal-color-exclusive-15,https://jchairstudios62.xyz/images/products/produtos_diversos/96-E697-A3-2080-4-A09-A985-2-BE379-F8-D8-C0.png,in stock,28.34 EUR,Royal Exclusive,new,Health & Beauty > Personal Care,maquiagem-premium,PT::Standard:4.90 EUR,ROYAL-COLOR-EXC-15
bio-extratus-hidratacao-intensiva,Bio Extratus Hidrata√ß√£o Intensiva,Tratamento intensivo de hidrata√ß√£o com extratos naturais. Ideal para cabelos ressecados e danificados.,https://jchairstudios62.xyz/produto/bio-extratus-hidratacao-intensiva,https://jchairstudios62.xyz/images/products/bio_extratus_produtos_/bio_extratus_produtos__1.PNG,in stock,13.2 EUR,Bio Extratus,new,Health & Beauty > Personal Care > Hair Care > Hair Treatments,tratamentos-capilares,PT::Standard:4.90 EUR,BE-HID-INT-001
premium-hidratacao-intensiva-1,Hidrata√ß√£o Premium Intensiva Advanced,M√°scara de hidrata√ß√£o intensiva com f√≥rmula exclusiva que rep√µe nutrientes perdidos e restaura a maciez natural dos cabelos.,https://jchairstudios62.xyz/produto/premium-hidratacao-intensiva-1,https://jchairstudios62.xyz/images/products/produtos_diversos/155-B6-F03-6326-45-F1-B128-C98-F218-F2-A23.png,in stock,16.28 EUR,Premium Hair,new,Health & Beauty > Personal Care > Hair Care > Hair Treatments,tratamentos-capilares,PT::Standard:4.90 EUR,PHR-HID-001
nutricao-avancada-2,Nutri√ß√£o Avan√ßada Repair System,Tratamento nutritivo intensivo com complexo de vitaminas e prote√≠nas que restaura a vitalidade dos fios danificados.,https://jchairstudios62.xyz/produto/nutricao-avancada-2,https://jchairstudios62.xyz/images/products/produtos_diversos/16-B50655-4465-477-A-95-C5-48-FC08-AAEAC1.png,in stock,14.78 EUR,Advanced Care,new,Health & Beauty > Personal Care > Hair Care > Hair Treatments,tratamentos-capilares,PT::Standard:4.90 EUR,AC-NUT-002
reconstrucao-total-3,Reconstru√ß√£o Total Protein Complex,Tratamento reconstructor intensivo que rep√µe prote√≠nas essenciais e reconstr√≥i a fibra capilar de dentro para fora.,https://jchairstudios62.xyz/produto/reconstrucao-total-3,https://jchairstudios62.xyz/images/products/produtos_diversos/1605-BFB8-97-D1-4-EAA-8-EEB-AD95-AD1657-B7.png,in stock,19.36 EUR,Total Repair,new,Health & Beauty > Personal Care > Hair Care > Hair Treatments,tratamentos-capilares,PT::Standard:4.90 EUR,TR-REC-003
mascara-nutritiva-4,M√°scara Nutritiva Argan & Karit√©,M√°scara enriquecida com √≥leos naturais que nutrem profundamente e proporcionam brilho intenso aos cabelos.,https://jchairstudios62.xyz/produto/mascara-nutritiva-4,https://jchairstudios62.xyz/images/products/produtos_diversos/2-A39-E03-E-0-A0-D-4-F86-8-D5-D-F92-D6-DFE0-DF8.png,in stock,17.16 EUR,Natural Essence,new,Health & Beauty > Personal Care > Hair Care > Hair Treatments,tratamentos-capilares,PT::Standard:4.90 EUR,NE-MAS-004
ampola-fortalecimento-5,Ampola Fortalecimento Intensivo,"Tratamento intensivo em ampola que fortalece os fios desde a raiz, prevenindo quebra e queda.",https://jchairstudios62.xyz/produto/ampola-fortalecimento-5,https://jchairstudios62.xyz/images/products/produtos_diversos/34-E687-F6-9783-48-DD-BCEF-03743-D43-FD26.png,in stock,22 EUR,Intensive Care,new,Health & Beauty > Personal Care > Hair Care > Hair Treatments,tratamentos-capilares,PT::Standard:4.90 EUR,IC-AMP-005
serum-anti-frizz-6,S√©rum Anti-Frizz Controle Total,"S√©rum avan√ßado que controla o frizz, define os cachos e proporciona prote√ß√£o t√©rmica durante a escova√ß√£o.",https://jchairstudios62.xyz/produto/serum-anti-frizz-6,https://jchairstudios62.xyz/images/products/produtos_diversos/4-A0-CB406-3-AFE-43-B6-AFAB-6-D330-F38323-D.png,in stock,12.76 EUR,Smooth Control,new,Health & Beauty > Personal Care > Hair Care > Hair Treatments,tratamentos-capilares,PT::Standard:4.90 EUR,SC-SER-006
oleo-capilar-7,√ìleo Capilar Multivitam√≠nico,"√ìleo capilar enriquecido com vitaminas A, C e E que nutrem, hidratam e proporcionam brilho extraordin√°rio.",https://jchairstudios62.xyz/produto/oleo-capilar-7,https://jchairstudios62.xyz/images/products/produtos_diversos/4-EFFA98-F-1-FFA-4-A43-97-CA-CE7080-D29-A94.png,in stock,15.14 EUR,Vitamin Hair,new,Health & Beauty > Personal Care > Hair Care > Hair Treatments,tratamentos-capilares,PT::Standard:4.90 EUR,VH-OLE-007
creme-leave-in-8,Creme Leave-in Prote√ß√£o Total,Creme sem enx√°gue que protege os cabelos dos raios UV e do calor das ferramentas de modelagem.,https://jchairstudios62.xyz/produto/creme-leave-in-8,https://jchairstudios62.xyz/images/products/produtos_diversos/514342-F6-CCD2-48-B5-96-CE-2-A3-E48-F4485-D.png,in stock,12.14 EUR,All Day Protection,new,Health & Beauty > Personal Care > Hair Care > Hair Treatments,tratamentos-capilares,PT::Standard:4.90 EUR,ADP-LEA-008
mascara-reparadora-9,M√°scara Reparadora P√≥s-Qu√≠mica,M√°scara desenvolvida especificamente para reparar danos causados por processos qu√≠micos como relaxamento e alisamento.,https://jchairstudios62.xyz/produto/mascara-reparadora-9,https://jchairstudios62.xyz/images/products/produtos_diversos/65408488-2-F2-B-4-C34-8265-4953-FBF033-C8.png,in stock,18.92 EUR,Chemical Repair,new,Health & Beauty > Personal Care > Hair Care > Hair Treatments,tratamentos-capilares,PT::Standard:4.90 EUR,CR-MAS-009
tonico-crescimento-10,T√¥nico Crescimento Acelerado,T√¥nico com ativos que estimulam a circula√ß√£o do couro cabeludo e aceleram o crescimento natural dos fios.,https://jchairstudios62.xyz/produto/tonico-crescimento-10,https://jchairstudios62.xyz/images/products/produtos_diversos/70845531-B3-EB-40-FA-A4-D3-D29350848-B87.png,in stock,22.88 EUR,Growth Boost,new,Health & Beauty > Personal Care > Hair Care > Hair Treatments,tratamentos-capilares,PT::Standard:4.90 EUR,GB-TON-010
spray-termoativo-11,Spray Termoativo Prote√ß√£o M√°xima,"Protetor t√©rmico em spray que forma uma barreira protetiva contra o calor de secadores, chapinhas e babyliss.",https://jchairstudios62.xyz/produto/spray-termoativo-11,https://jchairstudios62.xyz/images/products/produtos_diversos/8-AF9-EB77-A783-417-B-82-E8-0-B1-D0268-DA00.png,in stock,13.73 EUR,Heat Shield,new,Health & Beauty > Personal Care > Hair Care > Hair Treatments,tratamentos-capilares,PT::Standard:4.90 EUR,HS-SPR-011
condicionador-profundo-12,Condicionador Profundo Restaurador,"Condicionador intensivo que penetra profundamente na fibra capilar, restaurando maciez e elasticidade.",https://jchairstudios62.xyz/produto/condicionador-profundo-12,https://jchairstudios62.xyz/images/products/produtos_diversos/96-E697-A3-2080-4-A09-A985-2-BE379-F8-D8-C0.png,in stock,14.26 EUR,Deep Restore,new,Health & Beauty > Personal Care > Hair Care > Hair Treatments,tratamentos-capilares,PT::Standard:4.90 EUR,DR-CON-012
serum-antiqueda-13,S√©rum Antiqueda Fortalecedor,"S√©rum com ativos que fortalecem a raiz, reduzem a queda e estimulam o crescimento de fios mais fortes.",https://jchairstudios62.xyz/produto/serum-antiqueda-13,https://jchairstudios62.xyz/images/products/produtos_diversos/A34-CFBA7-444-D-42-D8-999-F-F0-F4-CBCC9-FDE.png,in stock,25.08 EUR,Hair Defense,new,Health & Beauty > Personal Care > Hair Care > Hair Treatments,tratamentos-capilares,PT::Standard:4.90 EUR,HD-SER-013
mascara-detox-14,M√°scara Detox Purificante,"M√°scara purificante que remove res√≠duos e impurezas, devolvendo leveza e movimento aos cabelos.",https://jchairstudios62.xyz/produto/mascara-detox-14,https://jchairstudios62.xyz/images/products/produtos_diversos/C169-E200-8976-49-A0-A11-D-1-CE29-D126301.png,in stock,16.54 EUR,Clean Hair,new,Health & Beauty > Personal Care > Hair Care > Hair Treatments,tratamentos-capilares,PT::Standard:4.90 EUR,CH-MAS-014
ampola-shock-15,Ampola Shock Reconstruction,Tratamento de choque que reconstr√≥i instantaneamente cabelos extremamente danificados em uma √∫nica aplica√ß√£o.,https://jchairstudios62.xyz/produto/ampola-shock-15,https://jchairstudios62.xyz/images/products/produtos_diversos/CEC1-A0-BB-3-DC0-4-B31-AD8-B-B89-A11-A599-AD.png,in stock,28.16 EUR,Shock Therapy,new,Health & Beauty > Personal Care > Hair Care > Hair Treatments,tratamentos-capilares,PT::Standard:4.90 EUR,ST-AMP-015
